check_name,result
D1 Дубли поставщиков по ИНН (ИНН с >1 кодом),8
D2 Полные дубли строк заказа,1591
D3 Строки заказа с 2 версиями (разные qty/price),805
D3b …из них приёмка = qty ПЕРВОЙ версии,704
D4 Позиций не в справочнике / строк с ними,40 / 2846
D5 Приёмок со сдвигом даты UTC→МСК / из них вовремя→опоздание,7914 / 730
D6 Валютных заказов в дни без курса ЦБ,199
D7 Цена в валюте×курс / рублёвая медиана (норма ≈1),"CNY=0.140, USD=0.987"
"D8 Строк с ЕИ, несовместимой с карточкой",31397
D9 Медиана цены (RUB) по ЕИ строки,"KG=20281, M=19882, PCS=20248, PACK6=20567, PACK12=19650, PACK24=19701, ROLL50=19911, TON=20162"
D10 Приёмок по отменённым строкам,749
D11 Приёмок раньше создания заказа,1103
D12 Позиций с category <> category_reported,33
D13 Заказов вне периода действия карточки поставщика,190
D14 Приёмок partially_rejected без принятого кол-ва,4578
D15 Строк с updated_at после 12.08 / max updated_at / приёмок после 12.08 (МСК),121 / 2026-08-18 16:40:00 / 7
D16 Коэф. вариации цены внутри позиции / по всем позициям,0.58 / 0.58
D17 Шапок заказов без строк / всего шапок,3572 / 21292
D8b % строк в штучных ЕИ с дробным количеством,99.0
