ord,definition,pct
1,Строка хоть как-то поставлена (есть приёмка),93.1
2,Доля событий приёмки без брака (accepted),89.6
3,"In-Full: принято (accepted) >= заказано, в любой срок",79.4
4,On-Time по первой приёмке (пришла первая партия),67.1
5,"On-Time по последней приёмке, допуск +7 дней",73.3
6,"On-Time по последней приёмке, допуск +3 дня",67.9
7,"On-Time по последней приёмке, без допуска",52.1
8,"OTIF, partially_rejected засчитан целиком",49.9
9,OTIF с датой приёмки по UTC (ошибка часового пояса),46.6
10,"OTIF (наше определение): accepted, к плановой дате МСК, в полном объёме",45.5
