reliability_class,rank_in_class,suppliers_in_class,master_supplier_id,supplier_name,deliveries_period,otif_period_pct,otif_ci_low_pct,month,deliveries_month,otif_month_pct,mom_delta_pp
A,1,47,S1070,"АО ""МеталлТорг-70""",63,58.7,46.4,2026-02,13,53.8,
A,1,47,S1070,"АО ""МеталлТорг-70""",63,58.7,46.4,2026-03,9,66.7,12.8
A,1,47,S1070,"АО ""МеталлТорг-70""",63,58.7,46.4,2026-04,7,57.1,-9.5
A,1,47,S1070,"АО ""МеталлТорг-70""",63,58.7,46.4,2026-05,16,75.0,17.9
A,1,47,S1070,"АО ""МеталлТорг-70""",63,58.7,46.4,2026-06,12,41.7,-33.3
A,1,47,S1070,"АО ""МеталлТорг-70""",63,58.7,46.4,2026-07,6,50.0,8.3
A,2,47,S1021,"ПАО ""ГаммаПром-21""",74,56.8,45.4,2026-02,17,64.7,
A,2,47,S1021,"ПАО ""ГаммаПром-21""",74,56.8,45.4,2026-03,16,50.0,-14.7
A,2,47,S1021,"ПАО ""ГаммаПром-21""",74,56.8,45.4,2026-04,14,50.0,0.0
A,2,47,S1021,"ПАО ""ГаммаПром-21""",74,56.8,45.4,2026-05,5,80.0,30.0
A,2,47,S1021,"ПАО ""ГаммаПром-21""",74,56.8,45.4,2026-06,10,40.0,-40.0
A,2,47,S1021,"ПАО ""ГаммаПром-21""",74,56.8,45.4,2026-07,12,66.7,26.7
A,3,47,S1050,"ИП ""ГидроПром-50""",189,56.6,49.5,2026-02,18,44.4,
A,3,47,S1050,"ИП ""ГидроПром-50""",189,56.6,49.5,2026-03,31,54.8,10.4
A,3,47,S1050,"ИП ""ГидроПром-50""",189,56.6,49.5,2026-04,44,65.9,11.1
A,3,47,S1050,"ИП ""ГидроПром-50""",189,56.6,49.5,2026-05,29,58.6,-7.3
A,3,47,S1050,"ИП ""ГидроПром-50""",189,56.6,49.5,2026-06,33,33.3,-25.3
A,3,47,S1050,"ИП ""ГидроПром-50""",189,56.6,49.5,2026-07,34,73.5,40.2
A,4,47,S1027,"ИП ""БетаТрейд-27""",77,53.2,42.2,2026-02,15,86.7,
A,4,47,S1027,"ИП ""БетаТрейд-27""",77,53.2,42.2,2026-03,19,47.4,-39.3
A,4,47,S1027,"ИП ""БетаТрейд-27""",77,53.2,42.2,2026-04,13,23.1,-24.3
A,4,47,S1027,"ИП ""БетаТрейд-27""",77,53.2,42.2,2026-05,15,66.7,43.6
A,4,47,S1027,"ИП ""БетаТрейд-27""",77,53.2,42.2,2026-06,8,37.5,-29.2
A,4,47,S1027,"ИП ""БетаТрейд-27""",77,53.2,42.2,2026-07,7,42.9,5.4
A,5,47,S1118,"ООО ""СтанкоСервис-118""",79,51.9,41.1,2026-02,10,60.0,
A,5,47,S1118,"ООО ""СтанкоСервис-118""",79,51.9,41.1,2026-03,20,50.0,-10.0
A,5,47,S1118,"ООО ""СтанкоСервис-118""",79,51.9,41.1,2026-04,9,77.8,27.8
A,5,47,S1118,"ООО ""СтанкоСервис-118""",79,51.9,41.1,2026-05,13,46.2,-31.6
A,5,47,S1118,"ООО ""СтанкоСервис-118""",79,51.9,41.1,2026-06,19,42.1,-4.0
A,5,47,S1118,"ООО ""СтанкоСервис-118""",79,51.9,41.1,2026-07,8,50.0,7.9
A,6,47,S1065,"АО ""ГидроПром-65""",91,50.5,40.5,2026-02,15,46.7,
A,6,47,S1065,"АО ""ГидроПром-65""",91,50.5,40.5,2026-03,13,38.5,-8.2
A,6,47,S1065,"АО ""ГидроПром-65""",91,50.5,40.5,2026-04,19,52.6,14.2
A,6,47,S1065,"АО ""ГидроПром-65""",91,50.5,40.5,2026-05,11,63.6,11.0
A,6,47,S1065,"АО ""ГидроПром-65""",91,50.5,40.5,2026-06,12,66.7,3.0
A,6,47,S1065,"АО ""ГидроПром-65""",91,50.5,40.5,2026-07,21,42.9,-23.8
A,7,47,S1012,"ПАО ""АльфаСнаб-12 Групп""",72,50.0,38.7,2026-02,11,63.6,
A,7,47,S1012,"ПАО ""АльфаСнаб-12 Групп""",72,50.0,38.7,2026-03,9,44.4,-19.2
A,7,47,S1012,"ПАО ""АльфаСнаб-12 Групп""",72,50.0,38.7,2026-04,24,50.0,5.6
A,7,47,S1012,"ПАО ""АльфаСнаб-12 Групп""",72,50.0,38.7,2026-05,9,55.6,5.6
A,7,47,S1012,"ПАО ""АльфаСнаб-12 Групп""",72,50.0,38.7,2026-06,6,66.7,11.1
A,7,47,S1012,"ПАО ""АльфаСнаб-12 Групп""",72,50.0,38.7,2026-07,13,30.8,-35.9
A,7,47,S1051,"ИП ""ЭпсилонТех-51""",86,50.0,39.7,2026-02,1,100.0,
A,7,47,S1051,"ИП ""ЭпсилонТех-51""",86,50.0,39.7,2026-03,9,55.6,-44.4
A,7,47,S1051,"ИП ""ЭпсилонТех-51""",86,50.0,39.7,2026-04,18,50.0,-5.6
A,7,47,S1051,"ИП ""ЭпсилонТех-51""",86,50.0,39.7,2026-05,14,71.4,21.4
A,7,47,S1051,"ИП ""ЭпсилонТех-51""",86,50.0,39.7,2026-06,22,40.9,-30.5
A,7,47,S1051,"ИП ""ЭпсилонТех-51""",86,50.0,39.7,2026-07,22,40.9,0.0
A,9,47,S1104,"ИП ""ГидроПром-104""",109,49.5,40.3,2026-02,15,26.7,
A,9,47,S1104,"ИП ""ГидроПром-104""",109,49.5,40.3,2026-03,31,51.6,24.9
A,9,47,S1104,"ИП ""ГидроПром-104""",109,49.5,40.3,2026-04,23,65.2,13.6
A,9,47,S1104,"ИП ""ГидроПром-104""",109,49.5,40.3,2026-05,16,43.8,-21.5
A,9,47,S1104,"ИП ""ГидроПром-104""",109,49.5,40.3,2026-06,13,46.2,2.4
A,9,47,S1104,"ИП ""ГидроПром-104""",109,49.5,40.3,2026-07,11,54.5,8.4
A,10,47,S1009,"ИП ""ДельтаЛогистик-9 Групп""",83,49.4,38.9,2026-02,12,33.3,
A,10,47,S1009,"ИП ""ДельтаЛогистик-9 Групп""",83,49.4,38.9,2026-03,16,37.5,4.2
A,10,47,S1009,"ИП ""ДельтаЛогистик-9 Групп""",83,49.4,38.9,2026-04,15,60.0,22.5
A,10,47,S1009,"ИП ""ДельтаЛогистик-9 Групп""",83,49.4,38.9,2026-05,10,50.0,-10.0
A,10,47,S1009,"ИП ""ДельтаЛогистик-9 Групп""",83,49.4,38.9,2026-06,13,61.5,11.5
A,10,47,S1009,"ИП ""ДельтаЛогистик-9 Групп""",83,49.4,38.9,2026-07,17,52.9,-8.6
A,11,47,S1117,"ООО ""БетаТрейд-117""",73,49.3,38.2,2026-02,5,40.0,
A,11,47,S1117,"ООО ""БетаТрейд-117""",73,49.3,38.2,2026-03,7,57.1,17.1
A,11,47,S1117,"ООО ""БетаТрейд-117""",73,49.3,38.2,2026-04,18,44.4,-12.7
A,11,47,S1117,"ООО ""БетаТрейд-117""",73,49.3,38.2,2026-05,20,55.0,10.6
A,11,47,S1117,"ООО ""БетаТрейд-117""",73,49.3,38.2,2026-06,12,41.7,-13.3
A,11,47,S1117,"ООО ""БетаТрейд-117""",73,49.3,38.2,2026-07,11,54.5,12.9
A,12,47,S1040,"ИП ""УралДеталь-40""",58,48.3,35.9,2026-02,9,44.4,
A,12,47,S1040,"ИП ""УралДеталь-40""",58,48.3,35.9,2026-03,7,100.0,55.6
A,12,47,S1040,"ИП ""УралДеталь-40""",58,48.3,35.9,2026-04,13,46.2,-53.8
A,12,47,S1040,"ИП ""УралДеталь-40""",58,48.3,35.9,2026-05,6,16.7,-29.5
A,12,47,S1040,"ИП ""УралДеталь-40""",58,48.3,35.9,2026-06,14,35.7,19.0
A,12,47,S1040,"ИП ""УралДеталь-40""",58,48.3,35.9,2026-07,9,55.6,19.8
A,13,47,S1016,"ПАО ""ЭпсилонТех-16""",69,47.8,36.5,2026-02,16,31.3,
A,13,47,S1016,"ПАО ""ЭпсилонТех-16""",69,47.8,36.5,2026-03,14,21.4,-9.8
A,13,47,S1016,"ПАО ""ЭпсилонТех-16""",69,47.8,36.5,2026-04,5,60.0,38.6
A,13,47,S1016,"ПАО ""ЭпсилонТех-16""",69,47.8,36.5,2026-05,7,71.4,11.4
A,13,47,S1016,"ПАО ""ЭпсилонТех-16""",69,47.8,36.5,2026-06,15,60.0,-11.4
A,13,47,S1016,"ПАО ""ЭпсилонТех-16""",69,47.8,36.5,2026-07,12,66.7,6.7
A,13,47,S1071,"ИП ""ГаммаПром-71""",46,47.8,34.1,2026-02,9,44.4,
A,13,47,S1071,"ИП ""ГаммаПром-71""",46,47.8,34.1,2026-03,8,50.0,5.6
A,13,47,S1071,"ИП ""ГаммаПром-71""",46,47.8,34.1,2026-04,9,44.4,-5.6
A,13,47,S1071,"ИП ""ГаммаПром-71""",46,47.8,34.1,2026-05,9,55.6,11.1
A,13,47,S1071,"ИП ""ГаммаПром-71""",46,47.8,34.1,2026-06,4,75.0,19.4
A,13,47,S1071,"ИП ""ГаммаПром-71""",46,47.8,34.1,2026-07,7,28.6,-46.4
A,13,47,S1092,"ООО ""МеталлТорг-92""",46,47.8,34.1,2026-02,9,33.3,
A,13,47,S1092,"ООО ""МеталлТорг-92""",46,47.8,34.1,2026-03,8,25.0,-8.3
A,13,47,S1092,"ООО ""МеталлТорг-92""",46,47.8,34.1,2026-04,6,66.7,41.7
A,13,47,S1092,"ООО ""МеталлТорг-92""",46,47.8,34.1,2026-05,7,57.1,-9.5
A,13,47,S1092,"ООО ""МеталлТорг-92""",46,47.8,34.1,2026-06,8,75.0,17.9
A,13,47,S1092,"ООО ""МеталлТорг-92""",46,47.8,34.1,2026-07,8,37.5,-37.5
A,16,47,S1066,"АО ""ВолгаТех-66""",95,47.4,37.6,2026-02,10,90.0,
A,16,47,S1066,"АО ""ВолгаТех-66""",95,47.4,37.6,2026-03,16,37.5,-52.5
A,16,47,S1066,"АО ""ВолгаТех-66""",95,47.4,37.6,2026-04,14,42.9,5.4
A,16,47,S1066,"АО ""ВолгаТех-66""",95,47.4,37.6,2026-05,14,50.0,7.1
A,16,47,S1066,"АО ""ВолгаТех-66""",95,47.4,37.6,2026-06,20,45.0,-5.0
A,16,47,S1066,"АО ""ВолгаТех-66""",95,47.4,37.6,2026-07,21,38.1,-6.9
A,17,47,S1029,"ООО ""МеталлТорг-29""",134,47.0,38.8,2026-02,22,31.8,
A,17,47,S1029,"ООО ""МеталлТорг-29""",134,47.0,38.8,2026-03,20,45.0,13.2
A,17,47,S1029,"ООО ""МеталлТорг-29""",134,47.0,38.8,2026-04,22,77.3,32.3
A,17,47,S1029,"ООО ""МеталлТорг-29""",134,47.0,38.8,2026-05,10,50.0,-27.3
A,17,47,S1029,"ООО ""МеталлТорг-29""",134,47.0,38.8,2026-06,27,48.1,-1.9
A,17,47,S1029,"ООО ""МеталлТорг-29""",134,47.0,38.8,2026-07,33,36.4,-11.8
A,18,47,S1011,"ООО ""ПромСнаб-11 Групп""",83,47.0,36.6,2026-02,17,52.9,
A,18,47,S1011,"ООО ""ПромСнаб-11 Групп""",83,47.0,36.6,2026-03,13,46.2,-6.8
A,18,47,S1011,"ООО ""ПромСнаб-11 Групп""",83,47.0,36.6,2026-04,10,20.0,-26.2
A,18,47,S1011,"ООО ""ПромСнаб-11 Групп""",83,47.0,36.6,2026-05,13,53.8,33.8
A,18,47,S1011,"ООО ""ПромСнаб-11 Групп""",83,47.0,36.6,2026-06,13,38.5,-15.4
A,18,47,S1011,"ООО ""ПромСнаб-11 Групп""",83,47.0,36.6,2026-07,17,58.8,20.4
A,18,47,S1119,"ИП ""СтанкоСервис-119""",83,47.0,36.6,2026-02,18,44.4,
A,18,47,S1119,"ИП ""СтанкоСервис-119""",83,47.0,36.6,2026-03,15,20.0,-24.4
A,18,47,S1119,"ИП ""СтанкоСервис-119""",83,47.0,36.6,2026-04,11,36.4,16.4
A,18,47,S1119,"ИП ""СтанкоСервис-119""",83,47.0,36.6,2026-05,14,64.3,27.9
A,18,47,S1119,"ИП ""СтанкоСервис-119""",83,47.0,36.6,2026-06,11,63.6,-0.6
A,18,47,S1119,"ИП ""СтанкоСервис-119""",83,47.0,36.6,2026-07,14,57.1,-6.5
A,20,47,S1120,"ИП ""Севергруз-120""",66,47.0,35.4,2026-02,5,20.0,
A,20,47,S1120,"ИП ""Севергруз-120""",66,47.0,35.4,2026-03,6,50.0,30.0
A,20,47,S1120,"ИП ""Севергруз-120""",66,47.0,35.4,2026-04,18,50.0,0.0
A,20,47,S1120,"ИП ""Севергруз-120""",66,47.0,35.4,2026-05,7,100.0,50.0
A,20,47,S1120,"ИП ""Севергруз-120""",66,47.0,35.4,2026-06,15,33.3,-66.7
A,20,47,S1120,"ИП ""Севергруз-120""",66,47.0,35.4,2026-07,15,40.0,6.7
A,21,47,S1023,"ИП ""Севергруз-23""",67,46.3,34.9,2026-02,7,42.9,
A,21,47,S1023,"ИП ""Севергруз-23""",67,46.3,34.9,2026-03,1,100.0,57.1
A,21,47,S1023,"ИП ""Севергруз-23""",67,46.3,34.9,2026-04,8,62.5,-37.5
A,21,47,S1023,"ИП ""Севергруз-23""",67,46.3,34.9,2026-05,30,36.7,-25.8
A,21,47,S1023,"ИП ""Севергруз-23""",67,46.3,34.9,2026-06,9,33.3,-3.3
A,21,47,S1023,"ИП ""Севергруз-23""",67,46.3,34.9,2026-07,12,66.7,33.3
A,22,47,S1010,"ПАО ""ГидроПром-10 Групп""",63,46.0,34.3,2026-02,11,18.2,
A,22,47,S1010,"ПАО ""ГидроПром-10 Групп""",63,46.0,34.3,2026-03,8,50.0,31.8
A,22,47,S1010,"ПАО ""ГидроПром-10 Групп""",63,46.0,34.3,2026-04,5,60.0,10.0
A,22,47,S1010,"ПАО ""ГидроПром-10 Групп""",63,46.0,34.3,2026-05,12,50.0,-10.0
A,22,47,S1010,"ПАО ""ГидроПром-10 Групп""",63,46.0,34.3,2026-06,15,46.7,-3.3
A,22,47,S1010,"ПАО ""ГидроПром-10 Групп""",63,46.0,34.3,2026-07,12,58.3,11.7
A,23,47,S1107,"ПАО ""БетаТрейд-107""",110,45.5,36.5,2026-02,23,47.8,
A,23,47,S1107,"ПАО ""БетаТрейд-107""",110,45.5,36.5,2026-03,16,37.5,-10.3
A,23,47,S1107,"ПАО ""БетаТрейд-107""",110,45.5,36.5,2026-04,14,35.7,-1.8
A,23,47,S1107,"ПАО ""БетаТрейд-107""",110,45.5,36.5,2026-05,20,55.0,19.3
A,23,47,S1107,"ПАО ""БетаТрейд-107""",110,45.5,36.5,2026-06,22,36.4,-18.6
A,23,47,S1107,"ПАО ""БетаТрейд-107""",110,45.5,36.5,2026-07,15,60.0,23.6
A,24,47,S1005,"ИП ""Севергруз-5 Групп""",97,45.4,35.8,2026-02,16,37.5,
A,24,47,S1005,"ИП ""Севергруз-5 Групп""",97,45.4,35.8,2026-03,12,50.0,12.5
A,24,47,S1005,"ИП ""Севергруз-5 Групп""",97,45.4,35.8,2026-04,14,64.3,14.3
A,24,47,S1005,"ИП ""Севергруз-5 Групп""",97,45.4,35.8,2026-05,13,38.5,-25.8
A,24,47,S1005,"ИП ""Севергруз-5 Групп""",97,45.4,35.8,2026-06,15,40.0,1.5
A,24,47,S1005,"ИП ""Севергруз-5 Групп""",97,45.4,35.8,2026-07,27,44.4,4.4
A,25,47,S1110,"ООО ""ЭлектроМир-110""",87,44.8,34.8,2026-02,6,16.7,
A,25,47,S1110,"ООО ""ЭлектроМир-110""",87,44.8,34.8,2026-03,8,50.0,33.3
A,25,47,S1110,"ООО ""ЭлектроМир-110""",87,44.8,34.8,2026-04,22,45.5,-4.5
A,25,47,S1110,"ООО ""ЭлектроМир-110""",87,44.8,34.8,2026-05,22,50.0,4.5
A,25,47,S1110,"ООО ""ЭлектроМир-110""",87,44.8,34.8,2026-06,15,60.0,10.0
A,25,47,S1110,"ООО ""ЭлектроМир-110""",87,44.8,34.8,2026-07,14,28.6,-31.4
A,26,47,S1034,"АО ""СтанкоСервис-34""",70,44.3,33.2,2026-02,13,38.5,
A,26,47,S1034,"АО ""СтанкоСервис-34""",70,44.3,33.2,2026-03,8,62.5,24.0
A,26,47,S1034,"АО ""СтанкоСервис-34""",70,44.3,33.2,2026-04,12,50.0,-12.5
A,26,47,S1034,"АО ""СтанкоСервис-34""",70,44.3,33.2,2026-05,8,50.0,0.0
A,26,47,S1034,"АО ""СтанкоСервис-34""",70,44.3,33.2,2026-06,11,27.3,-22.7
A,26,47,S1034,"АО ""СтанкоСервис-34""",70,44.3,33.2,2026-07,18,44.4,17.2
A,27,47,S1076,"ООО ""МеталлТорг-76""",67,43.3,32.1,2026-02,15,40.0,
A,27,47,S1076,"ООО ""МеталлТорг-76""",67,43.3,32.1,2026-03,17,64.7,24.7
A,27,47,S1076,"ООО ""МеталлТорг-76""",67,43.3,32.1,2026-04,16,12.5,-52.2
A,27,47,S1076,"ООО ""МеталлТорг-76""",67,43.3,32.1,2026-05,6,66.7,54.2
A,27,47,S1076,"ООО ""МеталлТорг-76""",67,43.3,32.1,2026-06,4,25.0,-41.7
A,27,47,S1076,"ООО ""МеталлТорг-76""",67,43.3,32.1,2026-07,9,55.6,30.6
A,28,47,S1037,"ИП ""ТехКомплект-37""",77,42.9,32.4,2026-02,14,21.4,
A,28,47,S1037,"ИП ""ТехКомплект-37""",77,42.9,32.4,2026-03,11,36.4,14.9
A,28,47,S1037,"ИП ""ТехКомплект-37""",77,42.9,32.4,2026-04,11,54.5,18.2
A,28,47,S1037,"ИП ""ТехКомплект-37""",77,42.9,32.4,2026-05,18,50.0,-4.5
A,28,47,S1037,"ИП ""ТехКомплект-37""",77,42.9,32.4,2026-06,11,54.5,4.5
A,28,47,S1037,"ИП ""ТехКомплект-37""",77,42.9,32.4,2026-07,12,41.7,-12.9
A,29,47,S1090,"ООО ""БетаТрейд-90""",82,42.7,32.5,2026-02,16,31.3,
A,29,47,S1090,"ООО ""БетаТрейд-90""",82,42.7,32.5,2026-03,12,50.0,18.8
A,29,47,S1090,"ООО ""БетаТрейд-90""",82,42.7,32.5,2026-04,16,25.0,-25.0
A,29,47,S1090,"ООО ""БетаТрейд-90""",82,42.7,32.5,2026-05,14,57.1,32.1
A,29,47,S1090,"ООО ""БетаТрейд-90""",82,42.7,32.5,2026-06,9,55.6,-1.6
A,29,47,S1090,"ООО ""БетаТрейд-90""",82,42.7,32.5,2026-07,15,46.7,-8.9
A,30,47,S1087,"ООО ""СтанкоСервис-87""",85,42.4,32.4,2026-02,11,45.5,
A,30,47,S1087,"ООО ""СтанкоСервис-87""",85,42.4,32.4,2026-03,14,50.0,4.5
A,30,47,S1087,"ООО ""СтанкоСервис-87""",85,42.4,32.4,2026-04,17,29.4,-20.6
A,30,47,S1087,"ООО ""СтанкоСервис-87""",85,42.4,32.4,2026-05,17,41.2,11.8
A,30,47,S1087,"ООО ""СтанкоСервис-87""",85,42.4,32.4,2026-06,19,52.6,11.5
A,30,47,S1087,"ООО ""СтанкоСервис-87""",85,42.4,32.4,2026-07,7,28.6,-24.1
A,30,47,S1112,"ПАО ""УралДеталь-112""",85,42.4,32.4,2026-02,13,53.8,
A,30,47,S1112,"ПАО ""УралДеталь-112""",85,42.4,32.4,2026-03,17,41.2,-12.7
A,30,47,S1112,"ПАО ""УралДеталь-112""",85,42.4,32.4,2026-04,16,18.8,-22.4
A,30,47,S1112,"ПАО ""УралДеталь-112""",85,42.4,32.4,2026-05,8,50.0,31.3
A,30,47,S1112,"ПАО ""УралДеталь-112""",85,42.4,32.4,2026-06,18,44.4,-5.6
A,30,47,S1112,"ПАО ""УралДеталь-112""",85,42.4,32.4,2026-07,13,53.8,9.4
A,32,47,S1111,"ООО ""СибирьОпт-111""",93,41.9,32.4,2026-02,16,50.0,
A,32,47,S1111,"ООО ""СибирьОпт-111""",93,41.9,32.4,2026-03,14,42.9,-7.1
A,32,47,S1111,"ООО ""СибирьОпт-111""",93,41.9,32.4,2026-04,16,12.5,-30.4
A,32,47,S1111,"ООО ""СибирьОпт-111""",93,41.9,32.4,2026-05,17,64.7,52.2
A,32,47,S1111,"ООО ""СибирьОпт-111""",93,41.9,32.4,2026-06,8,37.5,-27.2
A,32,47,S1111,"ООО ""СибирьОпт-111""",93,41.9,32.4,2026-07,22,40.9,3.4
A,33,47,S1032,"ПАО ""Севергруз-32""",77,41.6,31.2,2026-02,15,60.0,
A,33,47,S1032,"ПАО ""Севергруз-32""",77,41.6,31.2,2026-03,20,35.0,-25.0
A,33,47,S1032,"ПАО ""Севергруз-32""",77,41.6,31.2,2026-04,14,35.7,0.7
A,33,47,S1032,"ПАО ""Севергруз-32""",77,41.6,31.2,2026-05,10,30.0,-5.7
A,33,47,S1032,"ПАО ""Севергруз-32""",77,41.6,31.2,2026-06,10,50.0,20.0
A,33,47,S1032,"ПАО ""Севергруз-32""",77,41.6,31.2,2026-07,8,37.5,-12.5
A,34,47,S1108,"ИП ""УралДеталь-108""",82,41.5,31.4,2026-02,22,45.5,
A,34,47,S1108,"ИП ""УралДеталь-108""",82,41.5,31.4,2026-03,17,58.8,13.4
A,34,47,S1108,"ИП ""УралДеталь-108""",82,41.5,31.4,2026-04,9,44.4,-14.4
A,34,47,S1108,"ИП ""УралДеталь-108""",82,41.5,31.4,2026-05,10,40.0,-4.4
A,34,47,S1108,"ИП ""УралДеталь-108""",82,41.5,31.4,2026-06,10,20.0,-20.0
A,34,47,S1108,"ИП ""УралДеталь-108""",82,41.5,31.4,2026-07,14,28.6,8.6
A,35,47,S1002,"ПАО ""ЭпсилонТех-2 Групп""",70,41.4,30.6,2026-02,8,37.5,
A,35,47,S1002,"ПАО ""ЭпсилонТех-2 Групп""",70,41.4,30.6,2026-03,9,44.4,6.9
A,35,47,S1002,"ПАО ""ЭпсилонТех-2 Групп""",70,41.4,30.6,2026-04,5,40.0,-4.4
A,35,47,S1002,"ПАО ""ЭпсилонТех-2 Групп""",70,41.4,30.6,2026-05,9,33.3,-6.7
A,35,47,S1002,"ПАО ""ЭпсилонТех-2 Групп""",70,41.4,30.6,2026-06,18,50.0,16.7
A,35,47,S1002,"ПАО ""ЭпсилонТех-2 Групп""",70,41.4,30.6,2026-07,21,38.1,-11.9
A,36,47,S1053,"АО ""ТехКомплект-53""",57,40.4,28.6,2026-02,14,28.6,
A,36,47,S1053,"АО ""ТехКомплект-53""",57,40.4,28.6,2026-03,8,50.0,21.4
A,36,47,S1053,"АО ""ТехКомплект-53""",57,40.4,28.6,2026-04,5,60.0,10.0
A,36,47,S1053,"АО ""ТехКомплект-53""",57,40.4,28.6,2026-05,11,72.7,12.7
A,36,47,S1053,"АО ""ТехКомплект-53""",57,40.4,28.6,2026-06,10,10.0,-62.7
A,36,47,S1053,"АО ""ТехКомплект-53""",57,40.4,28.6,2026-07,9,33.3,23.3
A,37,47,S1097,"ООО ""ВолгаТех-97""",101,38.6,29.7,2026-02,5,60.0,
A,37,47,S1097,"ООО ""ВолгаТех-97""",101,38.6,29.7,2026-03,14,28.6,-31.4
A,37,47,S1097,"ООО ""ВолгаТех-97""",101,38.6,29.7,2026-04,20,50.0,21.4
A,37,47,S1097,"ООО ""ВолгаТех-97""",101,38.6,29.7,2026-05,16,18.8,-31.3
A,37,47,S1097,"ООО ""ВолгаТех-97""",101,38.6,29.7,2026-06,19,42.1,23.4
A,37,47,S1097,"ООО ""ВолгаТех-97""",101,38.6,29.7,2026-07,27,40.7,-1.4
A,38,47,S1028,"ИП ""БетаТрейд-28""",70,38.6,28.0,2026-02,5,60.0,
A,38,47,S1028,"ИП ""БетаТрейд-28""",70,38.6,28.0,2026-03,17,29.4,-30.6
A,38,47,S1028,"ИП ""БетаТрейд-28""",70,38.6,28.0,2026-04,7,57.1,27.7
A,38,47,S1028,"ИП ""БетаТрейд-28""",70,38.6,28.0,2026-05,5,20.0,-37.1
A,38,47,S1028,"ИП ""БетаТрейд-28""",70,38.6,28.0,2026-06,10,40.0,20.0
A,38,47,S1028,"ИП ""БетаТрейд-28""",70,38.6,28.0,2026-07,26,38.5,-1.5
A,39,47,S1013,"ПАО ""ГаммаПром-13 Групп""",60,38.3,27.1,2026-02,8,12.5,
A,39,47,S1013,"ПАО ""ГаммаПром-13 Групп""",60,38.3,27.1,2026-03,19,47.4,34.9
A,39,47,S1013,"ПАО ""ГаммаПром-13 Групп""",60,38.3,27.1,2026-04,15,60.0,12.6
A,39,47,S1013,"ПАО ""ГаммаПром-13 Групп""",60,38.3,27.1,2026-05,8,12.5,-47.5
A,39,47,S1013,"ПАО ""ГаммаПром-13 Групп""",60,38.3,27.1,2026-06,2,50.0,37.5
A,39,47,S1013,"ПАО ""ГаммаПром-13 Групп""",60,38.3,27.1,2026-07,8,25.0,-25.0
A,40,47,S1030,"ИП ""ПромСнаб-30""",81,38.3,28.4,2026-02,12,25.0,
A,40,47,S1030,"ИП ""ПромСнаб-30""",81,38.3,28.4,2026-03,12,41.7,16.7
A,40,47,S1030,"ИП ""ПромСнаб-30""",81,38.3,28.4,2026-04,14,28.6,-13.1
A,40,47,S1030,"ИП ""ПромСнаб-30""",81,38.3,28.4,2026-05,18,50.0,21.4
A,40,47,S1030,"ИП ""ПромСнаб-30""",81,38.3,28.4,2026-06,11,45.5,-4.5
A,40,47,S1030,"ИП ""ПромСнаб-30""",81,38.3,28.4,2026-07,14,35.7,-9.7
A,41,47,S1054,"ООО ""СибирьОпт-54""",117,37.6,29.4,2026-02,9,44.4,
A,41,47,S1054,"ООО ""СибирьОпт-54""",117,37.6,29.4,2026-03,21,57.1,12.7
A,41,47,S1054,"ООО ""СибирьОпт-54""",117,37.6,29.4,2026-04,16,31.3,-25.9
A,41,47,S1054,"ООО ""СибирьОпт-54""",117,37.6,29.4,2026-05,32,40.6,9.4
A,41,47,S1054,"ООО ""СибирьОпт-54""",117,37.6,29.4,2026-06,29,34.5,-6.1
A,41,47,S1054,"ООО ""СибирьОпт-54""",117,37.6,29.4,2026-07,10,0.0,-34.5
A,42,47,S1039,"АО ""ВолгаТех-39""",79,36.7,26.9,2026-02,11,54.5,
A,42,47,S1039,"АО ""ВолгаТех-39""",79,36.7,26.9,2026-03,20,40.0,-14.5
A,42,47,S1039,"АО ""ВолгаТех-39""",79,36.7,26.9,2026-04,22,31.8,-8.2
A,42,47,S1039,"АО ""ВолгаТех-39""",79,36.7,26.9,2026-05,5,20.0,-11.8
A,42,47,S1039,"АО ""ВолгаТех-39""",79,36.7,26.9,2026-06,12,41.7,21.7
A,42,47,S1039,"АО ""ВолгаТех-39""",79,36.7,26.9,2026-07,9,22.2,-19.4
A,43,47,S1036,"АО ""ВолгаТех-36""",152,36.2,29.0,2026-02,28,35.7,
A,43,47,S1036,"АО ""ВолгаТех-36""",152,36.2,29.0,2026-03,39,33.3,-2.4
A,43,47,S1036,"АО ""ВолгаТех-36""",152,36.2,29.0,2026-04,27,40.7,7.4
A,43,47,S1036,"АО ""ВолгаТех-36""",152,36.2,29.0,2026-05,24,37.5,-3.2
A,43,47,S1036,"АО ""ВолгаТех-36""",152,36.2,29.0,2026-06,13,38.5,1.0
A,43,47,S1036,"АО ""ВолгаТех-36""",152,36.2,29.0,2026-07,21,33.3,-5.1
A,44,47,S1072,"ПАО ""ЭпсилонТех-72""",70,35.7,25.5,2026-02,13,23.1,
A,44,47,S1072,"ПАО ""ЭпсилонТех-72""",70,35.7,25.5,2026-03,12,33.3,10.3
A,44,47,S1072,"ПАО ""ЭпсилонТех-72""",70,35.7,25.5,2026-04,8,37.5,4.2
A,44,47,S1072,"ПАО ""ЭпсилонТех-72""",70,35.7,25.5,2026-05,10,30.0,-7.5
A,44,47,S1072,"ПАО ""ЭпсилонТех-72""",70,35.7,25.5,2026-06,9,22.2,-7.8
A,44,47,S1072,"ПАО ""ЭпсилонТех-72""",70,35.7,25.5,2026-07,18,55.6,33.3
A,45,47,S1096,"ООО ""СибирьОпт-96""",55,34.5,23.4,2026-02,15,40.0,
A,45,47,S1096,"ООО ""СибирьОпт-96""",55,34.5,23.4,2026-03,9,44.4,4.4
A,45,47,S1096,"ООО ""СибирьОпт-96""",55,34.5,23.4,2026-04,9,22.2,-22.2
A,45,47,S1096,"ООО ""СибирьОпт-96""",55,34.5,23.4,2026-05,10,30.0,7.8
A,45,47,S1096,"ООО ""СибирьОпт-96""",55,34.5,23.4,2026-06,4,50.0,20.0
A,45,47,S1096,"ООО ""СибирьОпт-96""",55,34.5,23.4,2026-07,8,25.0,-25.0
A,46,47,S1100,"ООО ""СтанкоСервис-100""",56,33.9,22.9,2026-02,3,0.0,
A,46,47,S1100,"ООО ""СтанкоСервис-100""",56,33.9,22.9,2026-03,5,20.0,20.0
A,46,47,S1100,"ООО ""СтанкоСервис-100""",56,33.9,22.9,2026-04,7,57.1,37.1
A,46,47,S1100,"ООО ""СтанкоСервис-100""",56,33.9,22.9,2026-05,24,25.0,-32.1
A,46,47,S1100,"ООО ""СтанкоСервис-100""",56,33.9,22.9,2026-06,7,42.9,17.9
A,46,47,S1100,"ООО ""СтанкоСервис-100""",56,33.9,22.9,2026-07,10,50.0,7.1
A,47,47,S1093,"АО ""УралДеталь-93""",55,32.7,21.8,2026-02,9,44.4,
A,47,47,S1093,"АО ""УралДеталь-93""",55,32.7,21.8,2026-03,11,27.3,-17.2
A,47,47,S1093,"АО ""УралДеталь-93""",55,32.7,21.8,2026-04,7,28.6,1.3
A,47,47,S1093,"АО ""УралДеталь-93""",55,32.7,21.8,2026-05,5,60.0,31.4
A,47,47,S1093,"АО ""УралДеталь-93""",55,32.7,21.8,2026-06,8,12.5,-47.5
A,47,47,S1093,"АО ""УралДеталь-93""",55,32.7,21.8,2026-07,15,33.3,20.8
B,1,34,S1095,"ПАО ""ЭлектроМир-95""",84,60.7,50.0,2026-02,9,66.7,
B,1,34,S1095,"ПАО ""ЭлектроМир-95""",84,60.7,50.0,2026-03,17,64.7,-2.0
B,1,34,S1095,"ПАО ""ЭлектроМир-95""",84,60.7,50.0,2026-04,12,50.0,-14.7
B,1,34,S1095,"ПАО ""ЭлектроМир-95""",84,60.7,50.0,2026-05,12,50.0,0.0
B,1,34,S1095,"ПАО ""ЭлектроМир-95""",84,60.7,50.0,2026-06,16,56.3,6.3
B,1,34,S1095,"ПАО ""ЭлектроМир-95""",84,60.7,50.0,2026-07,18,72.2,16.0
B,2,34,S1042,"ООО ""УралДеталь-42""",60,60.0,47.4,2026-02,15,53.3,
B,2,34,S1042,"ООО ""УралДеталь-42""",60,60.0,47.4,2026-03,6,66.7,13.3
B,2,34,S1042,"ООО ""УралДеталь-42""",60,60.0,47.4,2026-04,9,44.4,-22.2
B,2,34,S1042,"ООО ""УралДеталь-42""",60,60.0,47.4,2026-05,9,66.7,22.2
B,2,34,S1042,"ООО ""УралДеталь-42""",60,60.0,47.4,2026-06,7,71.4,4.8
B,2,34,S1042,"ООО ""УралДеталь-42""",60,60.0,47.4,2026-07,14,64.3,-7.1
B,3,34,S1063,"ПАО ""СибирьОпт-63""",90,57.8,47.5,2026-02,14,85.7,
B,3,34,S1063,"ПАО ""СибирьОпт-63""",90,57.8,47.5,2026-03,29,55.2,-30.5
B,3,34,S1063,"ПАО ""СибирьОпт-63""",90,57.8,47.5,2026-04,12,25.0,-30.2
B,3,34,S1063,"ПАО ""СибирьОпт-63""",90,57.8,47.5,2026-05,13,69.2,44.2
B,3,34,S1063,"ПАО ""СибирьОпт-63""",90,57.8,47.5,2026-06,9,66.7,-2.6
B,3,34,S1063,"ПАО ""СибирьОпт-63""",90,57.8,47.5,2026-07,13,46.2,-20.5
B,4,34,S1085,"ООО ""ПромСнаб-85""",72,55.6,44.1,2026-02,11,36.4,
B,4,34,S1085,"ООО ""ПромСнаб-85""",72,55.6,44.1,2026-03,8,50.0,13.6
B,4,34,S1085,"ООО ""ПромСнаб-85""",72,55.6,44.1,2026-04,3,33.3,-16.7
B,4,34,S1085,"ООО ""ПромСнаб-85""",72,55.6,44.1,2026-05,17,58.8,25.5
B,4,34,S1085,"ООО ""ПромСнаб-85""",72,55.6,44.1,2026-06,16,68.8,9.9
B,4,34,S1085,"ООО ""ПромСнаб-85""",72,55.6,44.1,2026-07,17,58.8,-9.9
B,5,34,S1024,"ПАО ""СибирьОпт-24""",80,52.5,41.7,2026-02,20,45.0,
B,5,34,S1024,"ПАО ""СибирьОпт-24""",80,52.5,41.7,2026-03,15,46.7,1.7
B,5,34,S1024,"ПАО ""СибирьОпт-24""",80,52.5,41.7,2026-04,12,50.0,3.3
B,5,34,S1024,"ПАО ""СибирьОпт-24""",80,52.5,41.7,2026-05,8,50.0,0.0
B,5,34,S1024,"ПАО ""СибирьОпт-24""",80,52.5,41.7,2026-06,11,72.7,22.7
B,5,34,S1024,"ПАО ""СибирьОпт-24""",80,52.5,41.7,2026-07,14,57.1,-15.6
B,6,34,S1007,"ПАО ""ДельтаЛогистик-7 Групп""",65,52.3,40.4,2026-02,11,54.5,
B,6,34,S1007,"ПАО ""ДельтаЛогистик-7 Групп""",65,52.3,40.4,2026-03,12,33.3,-21.2
B,6,34,S1007,"ПАО ""ДельтаЛогистик-7 Групп""",65,52.3,40.4,2026-04,10,60.0,26.7
B,6,34,S1007,"ПАО ""ДельтаЛогистик-7 Групп""",65,52.3,40.4,2026-05,15,40.0,-20.0
B,6,34,S1007,"ПАО ""ДельтаЛогистик-7 Групп""",65,52.3,40.4,2026-06,7,85.7,45.7
B,6,34,S1007,"ПАО ""ДельтаЛогистик-7 Групп""",65,52.3,40.4,2026-07,10,60.0,-25.7
B,7,34,S1026,"ИП ""ЭлектроМир-26""",89,50.6,40.4,2026-02,16,62.5,
B,7,34,S1026,"ИП ""ЭлектроМир-26""",89,50.6,40.4,2026-03,13,38.5,-24.0
B,7,34,S1026,"ИП ""ЭлектроМир-26""",89,50.6,40.4,2026-04,21,61.9,23.4
B,7,34,S1026,"ИП ""ЭлектроМир-26""",89,50.6,40.4,2026-05,19,42.1,-19.8
B,7,34,S1026,"ИП ""ЭлектроМир-26""",89,50.6,40.4,2026-06,9,55.6,13.5
B,7,34,S1026,"ИП ""ЭлектроМир-26""",89,50.6,40.4,2026-07,11,36.4,-19.2
B,8,34,S1038,"ИП ""БетаТрейд-38""",92,50.0,40.0,2026-02,16,68.8,
B,8,34,S1038,"ИП ""БетаТрейд-38""",92,50.0,40.0,2026-03,19,26.3,-42.4
B,8,34,S1038,"ИП ""БетаТрейд-38""",92,50.0,40.0,2026-04,17,29.4,3.1
B,8,34,S1038,"ИП ""БетаТрейд-38""",92,50.0,40.0,2026-05,17,70.6,41.2
B,8,34,S1038,"ИП ""БетаТрейд-38""",92,50.0,40.0,2026-06,15,53.3,-17.3
B,8,34,S1038,"ИП ""БетаТрейд-38""",92,50.0,40.0,2026-07,8,62.5,9.2
B,8,34,S1077,"ИП ""ЭлектроМир-77""",66,50.0,38.3,2026-02,8,75.0,
B,8,34,S1077,"ИП ""ЭлектроМир-77""",66,50.0,38.3,2026-03,8,62.5,-12.5
B,8,34,S1077,"ИП ""ЭлектроМир-77""",66,50.0,38.3,2026-04,9,44.4,-18.1
B,8,34,S1077,"ИП ""ЭлектроМир-77""",66,50.0,38.3,2026-05,17,47.1,2.6
B,8,34,S1077,"ИП ""ЭлектроМир-77""",66,50.0,38.3,2026-06,13,23.1,-24.0
B,8,34,S1077,"ИП ""ЭлектроМир-77""",66,50.0,38.3,2026-07,11,63.6,40.6
B,10,34,S1001,"АО ""ВолгаТех-1 Групп""",131,49.6,41.2,2026-02,30,56.7,
B,10,34,S1001,"АО ""ВолгаТех-1 Групп""",131,49.6,41.2,2026-03,25,48.0,-8.7
B,10,34,S1001,"АО ""ВолгаТех-1 Групп""",131,49.6,41.2,2026-04,24,54.2,6.2
B,10,34,S1001,"АО ""ВолгаТех-1 Групп""",131,49.6,41.2,2026-05,14,35.7,-18.5
B,10,34,S1001,"АО ""ВолгаТех-1 Групп""",131,49.6,41.2,2026-06,15,53.3,17.6
B,10,34,S1001,"АО ""ВолгаТех-1 Групп""",131,49.6,41.2,2026-07,23,43.5,-9.9
B,11,34,S1017,"ООО ""ГидроПром-17""",70,48.6,37.2,2026-02,6,33.3,
B,11,34,S1017,"ООО ""ГидроПром-17""",70,48.6,37.2,2026-03,12,50.0,16.7
B,11,34,S1017,"ООО ""ГидроПром-17""",70,48.6,37.2,2026-04,14,64.3,14.3
B,11,34,S1017,"ООО ""ГидроПром-17""",70,48.6,37.2,2026-05,8,62.5,-1.8
B,11,34,S1017,"ООО ""ГидроПром-17""",70,48.6,37.2,2026-06,13,61.5,-1.0
B,11,34,S1017,"ООО ""ГидроПром-17""",70,48.6,37.2,2026-07,17,23.5,-38.0
B,12,34,S1079,"ПАО ""ЭпсилонТех-79""",54,48.1,35.4,2026-02,5,40.0,
B,12,34,S1079,"ПАО ""ЭпсилонТех-79""",54,48.1,35.4,2026-03,17,58.8,18.8
B,12,34,S1079,"ПАО ""ЭпсилонТех-79""",54,48.1,35.4,2026-04,9,22.2,-36.6
B,12,34,S1079,"ПАО ""ЭпсилонТех-79""",54,48.1,35.4,2026-05,5,60.0,37.8
B,12,34,S1079,"ПАО ""ЭпсилонТех-79""",54,48.1,35.4,2026-06,3,33.3,-26.7
B,12,34,S1079,"ПАО ""ЭпсилонТех-79""",54,48.1,35.4,2026-07,15,53.3,20.0
B,13,34,S1067,"ИП ""УралДеталь-67""",71,47.9,36.7,2026-02,15,40.0,
B,13,34,S1067,"ИП ""УралДеталь-67""",71,47.9,36.7,2026-03,18,55.6,15.6
B,13,34,S1067,"ИП ""УралДеталь-67""",71,47.9,36.7,2026-04,7,42.9,-12.7
B,13,34,S1067,"ИП ""УралДеталь-67""",71,47.9,36.7,2026-05,7,42.9,0.0
B,13,34,S1067,"ИП ""УралДеталь-67""",71,47.9,36.7,2026-06,9,33.3,-9.5
B,13,34,S1067,"ИП ""УралДеталь-67""",71,47.9,36.7,2026-07,15,60.0,26.7
B,14,34,S1084,"ИП ""ДельтаЛогистик-84""",55,47.3,34.7,2026-02,8,37.5,
B,14,34,S1084,"ИП ""ДельтаЛогистик-84""",55,47.3,34.7,2026-03,12,25.0,-12.5
B,14,34,S1084,"ИП ""ДельтаЛогистик-84""",55,47.3,34.7,2026-04,6,83.3,58.3
B,14,34,S1084,"ИП ""ДельтаЛогистик-84""",55,47.3,34.7,2026-05,10,60.0,-23.3
B,14,34,S1084,"ИП ""ДельтаЛогистик-84""",55,47.3,34.7,2026-06,11,36.4,-23.6
B,14,34,S1084,"ИП ""ДельтаЛогистик-84""",55,47.3,34.7,2026-07,8,62.5,26.1
B,15,34,S1109,"ПАО ""СибирьОпт-109""",72,47.2,36.1,2026-02,15,46.7,
B,15,34,S1109,"ПАО ""СибирьОпт-109""",72,47.2,36.1,2026-03,17,47.1,0.4
B,15,34,S1109,"ПАО ""СибирьОпт-109""",72,47.2,36.1,2026-04,16,37.5,-9.6
B,15,34,S1109,"ПАО ""СибирьОпт-109""",72,47.2,36.1,2026-05,5,40.0,2.5
B,15,34,S1109,"ПАО ""СибирьОпт-109""",72,47.2,36.1,2026-06,4,50.0,10.0
B,15,34,S1109,"ПАО ""СибирьОпт-109""",72,47.2,36.1,2026-07,15,60.0,10.0
B,16,34,S1004,"ПАО ""ГаммаПром-4 Групп""",98,46.9,37.4,2026-02,15,66.7,
B,16,34,S1004,"ПАО ""ГаммаПром-4 Групп""",98,46.9,37.4,2026-03,17,29.4,-37.3
B,16,34,S1004,"ПАО ""ГаммаПром-4 Групп""",98,46.9,37.4,2026-04,12,75.0,45.6
B,16,34,S1004,"ПАО ""ГаммаПром-4 Групп""",98,46.9,37.4,2026-05,16,50.0,-25.0
B,16,34,S1004,"ПАО ""ГаммаПром-4 Групп""",98,46.9,37.4,2026-06,25,32.0,-18.0
B,16,34,S1004,"ПАО ""ГаммаПром-4 Групп""",98,46.9,37.4,2026-07,13,46.2,14.2
B,17,34,S1116,"ИП ""Севергруз-116""",75,46.7,35.8,2026-02,14,50.0,
B,17,34,S1116,"ИП ""Севергруз-116""",75,46.7,35.8,2026-03,13,38.5,-11.5
B,17,34,S1116,"ИП ""Севергруз-116""",75,46.7,35.8,2026-04,8,50.0,11.5
B,17,34,S1116,"ИП ""Севергруз-116""",75,46.7,35.8,2026-05,11,18.2,-31.8
B,17,34,S1116,"ИП ""Севергруз-116""",75,46.7,35.8,2026-06,9,55.6,37.4
B,17,34,S1116,"ИП ""Севергруз-116""",75,46.7,35.8,2026-07,20,60.0,4.4
B,18,34,S1069,"ПАО ""Севергруз-69""",89,46.1,36.1,2026-02,3,66.7,
B,18,34,S1069,"ПАО ""Севергруз-69""",89,46.1,36.1,2026-03,14,28.6,-38.1
B,18,34,S1069,"ПАО ""Севергруз-69""",89,46.1,36.1,2026-04,31,51.6,23.0
B,18,34,S1069,"ПАО ""Севергруз-69""",89,46.1,36.1,2026-05,18,50.0,-1.6
B,18,34,S1069,"ПАО ""Севергруз-69""",89,46.1,36.1,2026-06,8,50.0,0.0
B,18,34,S1069,"ПАО ""Севергруз-69""",89,46.1,36.1,2026-07,15,40.0,-10.0
B,19,34,S1059,"ООО ""Севергруз-59""",68,45.6,34.3,2026-02,5,0.0,
B,19,34,S1059,"ООО ""Севергруз-59""",68,45.6,34.3,2026-03,9,66.7,66.7
B,19,34,S1059,"ООО ""Севергруз-59""",68,45.6,34.3,2026-04,12,33.3,-33.3
B,19,34,S1059,"ООО ""Севергруз-59""",68,45.6,34.3,2026-05,12,33.3,0.0
B,19,34,S1059,"ООО ""Севергруз-59""",68,45.6,34.3,2026-06,10,70.0,36.7
B,19,34,S1059,"ООО ""Севергруз-59""",68,45.6,34.3,2026-07,20,50.0,-20.0
B,20,34,S1048,"ООО ""ДельтаЛогистик-48""",97,45.4,35.8,2026-02,12,25.0,
B,20,34,S1048,"ООО ""ДельтаЛогистик-48""",97,45.4,35.8,2026-03,18,38.9,13.9
B,20,34,S1048,"ООО ""ДельтаЛогистик-48""",97,45.4,35.8,2026-04,20,50.0,11.1
B,20,34,S1048,"ООО ""ДельтаЛогистик-48""",97,45.4,35.8,2026-05,28,53.6,3.6
B,20,34,S1048,"ООО ""ДельтаЛогистик-48""",97,45.4,35.8,2026-06,13,46.2,-7.4
B,20,34,S1048,"ООО ""ДельтаЛогистик-48""",97,45.4,35.8,2026-07,6,50.0,3.8
B,21,34,S1105,"АО ""АльфаСнаб-105""",72,44.4,33.5,2026-02,9,44.4,
B,21,34,S1105,"АО ""АльфаСнаб-105""",72,44.4,33.5,2026-03,10,30.0,-14.4
B,21,34,S1105,"АО ""АльфаСнаб-105""",72,44.4,33.5,2026-04,24,37.5,7.5
B,21,34,S1105,"АО ""АльфаСнаб-105""",72,44.4,33.5,2026-05,14,50.0,12.5
B,21,34,S1105,"АО ""АльфаСнаб-105""",72,44.4,33.5,2026-06,8,50.0,0.0
B,21,34,S1105,"АО ""АльфаСнаб-105""",72,44.4,33.5,2026-07,7,71.4,21.4
B,22,34,S1022,"ООО ""АльфаСнаб-22""",138,43.5,35.5,2026-02,22,31.8,
B,22,34,S1022,"ООО ""АльфаСнаб-22""",138,43.5,35.5,2026-03,26,46.2,14.3
B,22,34,S1022,"ООО ""АльфаСнаб-22""",138,43.5,35.5,2026-04,24,41.7,-4.5
B,22,34,S1022,"ООО ""АльфаСнаб-22""",138,43.5,35.5,2026-05,30,36.7,-5.0
B,22,34,S1022,"ООО ""АльфаСнаб-22""",138,43.5,35.5,2026-06,23,60.9,24.2
B,22,34,S1022,"ООО ""АльфаСнаб-22""",138,43.5,35.5,2026-07,13,46.2,-14.7
B,23,34,S1055,"АО ""ЭпсилонТех-55""",70,42.9,31.9,2026-02,18,44.4,
B,23,34,S1055,"АО ""ЭпсилонТех-55""",70,42.9,31.9,2026-03,19,42.1,-2.3
B,23,34,S1055,"АО ""ЭпсилонТех-55""",70,42.9,31.9,2026-04,12,33.3,-8.8
B,23,34,S1055,"АО ""ЭпсилонТех-55""",70,42.9,31.9,2026-05,3,33.3,0.0
B,23,34,S1055,"АО ""ЭпсилонТех-55""",70,42.9,31.9,2026-06,10,50.0,16.7
B,23,34,S1055,"АО ""ЭпсилонТех-55""",70,42.9,31.9,2026-07,8,50.0,0.0
B,24,34,S1020,"ООО ""Севергруз-20""",79,41.8,31.5,2026-02,6,66.7,
B,24,34,S1020,"ООО ""Севергруз-20""",79,41.8,31.5,2026-03,17,47.1,-19.6
B,24,34,S1020,"ООО ""Севергруз-20""",79,41.8,31.5,2026-04,9,33.3,-13.7
B,24,34,S1020,"ООО ""Севергруз-20""",79,41.8,31.5,2026-05,14,35.7,2.4
B,24,34,S1020,"ООО ""Севергруз-20""",79,41.8,31.5,2026-06,14,35.7,0.0
B,24,34,S1020,"ООО ""Севергруз-20""",79,41.8,31.5,2026-07,19,42.1,6.4
B,25,34,S1103,"ИП ""СибирьОпт-103""",104,41.3,32.4,2026-02,20,45.0,
B,25,34,S1103,"ИП ""СибирьОпт-103""",104,41.3,32.4,2026-03,15,26.7,-18.3
B,25,34,S1103,"ИП ""СибирьОпт-103""",104,41.3,32.4,2026-04,15,26.7,0.0
B,25,34,S1103,"ИП ""СибирьОпт-103""",104,41.3,32.4,2026-05,16,56.3,29.6
B,25,34,S1103,"ИП ""СибирьОпт-103""",104,41.3,32.4,2026-06,14,28.6,-27.7
B,25,34,S1103,"ИП ""СибирьОпт-103""",104,41.3,32.4,2026-07,24,54.2,25.6
B,26,34,S1060,"ООО ""ЭпсилонТех-60""",62,40.3,29.0,2026-02,7,71.4,
B,26,34,S1060,"ООО ""ЭпсилонТех-60""",62,40.3,29.0,2026-03,3,33.3,-38.1
B,26,34,S1060,"ООО ""ЭпсилонТех-60""",62,40.3,29.0,2026-04,6,33.3,0.0
B,26,34,S1060,"ООО ""ЭпсилонТех-60""",62,40.3,29.0,2026-05,13,23.1,-10.3
B,26,34,S1060,"ООО ""ЭпсилонТех-60""",62,40.3,29.0,2026-06,16,37.5,14.4
B,26,34,S1060,"ООО ""ЭпсилонТех-60""",62,40.3,29.0,2026-07,17,47.1,9.6
B,27,34,S1058,"ПАО ""Севергруз-58""",95,40.0,30.7,2026-02,13,38.5,
B,27,34,S1058,"ПАО ""Севергруз-58""",95,40.0,30.7,2026-03,21,33.3,-5.1
B,27,34,S1058,"ПАО ""Севергруз-58""",95,40.0,30.7,2026-04,13,30.8,-2.6
B,27,34,S1058,"ПАО ""Севергруз-58""",95,40.0,30.7,2026-05,13,53.8,23.1
B,27,34,S1058,"ПАО ""Севергруз-58""",95,40.0,30.7,2026-06,16,43.8,-10.1
B,27,34,S1058,"ПАО ""Севергруз-58""",95,40.0,30.7,2026-07,19,42.1,-1.6
B,27,34,S1081,"АО ""ЭпсилонТех-81""",45,40.0,27.0,2026-02,7,28.6,
B,27,34,S1081,"АО ""ЭпсилонТех-81""",45,40.0,27.0,2026-03,15,46.7,18.1
B,27,34,S1081,"АО ""ЭпсилонТех-81""",45,40.0,27.0,2026-04,8,37.5,-9.2
B,27,34,S1081,"АО ""ЭпсилонТех-81""",45,40.0,27.0,2026-05,4,25.0,-12.5
B,27,34,S1081,"АО ""ЭпсилонТех-81""",45,40.0,27.0,2026-06,5,80.0,55.0
B,27,34,S1081,"АО ""ЭпсилонТех-81""",45,40.0,27.0,2026-07,6,16.7,-63.3
B,29,34,S1101,"АО ""ЭлектроМир-101""",73,39.7,29.3,2026-02,12,33.3,
B,29,34,S1101,"АО ""ЭлектроМир-101""",73,39.7,29.3,2026-03,19,47.4,14.0
B,29,34,S1101,"АО ""ЭлектроМир-101""",73,39.7,29.3,2026-04,6,33.3,-14.0
B,29,34,S1101,"АО ""ЭлектроМир-101""",73,39.7,29.3,2026-05,13,30.8,-2.6
B,29,34,S1101,"АО ""ЭлектроМир-101""",73,39.7,29.3,2026-06,13,38.5,7.7
B,29,34,S1101,"АО ""ЭлектроМир-101""",73,39.7,29.3,2026-07,10,50.0,11.5
B,30,34,S1014,"ИП ""ЭпсилонТех-14 Групп""",82,39.0,29.2,2026-02,12,16.7,
B,30,34,S1014,"ИП ""ЭпсилонТех-14 Групп""",82,39.0,29.2,2026-03,16,37.5,20.8
B,30,34,S1014,"ИП ""ЭпсилонТех-14 Групп""",82,39.0,29.2,2026-04,16,43.8,6.3
B,30,34,S1014,"ИП ""ЭпсилонТех-14 Групп""",82,39.0,29.2,2026-05,11,27.3,-16.5
B,30,34,S1014,"ИП ""ЭпсилонТех-14 Групп""",82,39.0,29.2,2026-06,14,42.9,15.6
B,30,34,S1014,"ИП ""ЭпсилонТех-14 Групп""",82,39.0,29.2,2026-07,13,61.5,18.7
B,31,34,S1074,"ООО ""ЭлектроМир-74""",71,38.0,27.6,2026-02,8,37.5,
B,31,34,S1074,"ООО ""ЭлектроМир-74""",71,38.0,27.6,2026-03,9,22.2,-15.3
B,31,34,S1074,"ООО ""ЭлектроМир-74""",71,38.0,27.6,2026-04,11,36.4,14.1
B,31,34,S1074,"ООО ""ЭлектроМир-74""",71,38.0,27.6,2026-05,11,36.4,0.0
B,31,34,S1074,"ООО ""ЭлектроМир-74""",71,38.0,27.6,2026-06,19,47.4,11.0
B,31,34,S1074,"ООО ""ЭлектроМир-74""",71,38.0,27.6,2026-07,13,38.5,-8.9
B,32,34,S1003,"АО ""МеталлТорг-3 Групп""",64,37.5,26.7,2026-02,8,37.5,
B,32,34,S1003,"АО ""МеталлТорг-3 Групп""",64,37.5,26.7,2026-03,15,26.7,-10.8
B,32,34,S1003,"АО ""МеталлТорг-3 Групп""",64,37.5,26.7,2026-04,3,33.3,6.7
B,32,34,S1003,"АО ""МеталлТорг-3 Групп""",64,37.5,26.7,2026-05,12,25.0,-8.3
B,32,34,S1003,"АО ""МеталлТорг-3 Групп""",64,37.5,26.7,2026-06,11,54.5,29.5
B,32,34,S1003,"АО ""МеталлТорг-3 Групп""",64,37.5,26.7,2026-07,15,46.7,-7.9
B,33,34,S1089,"ПАО ""АльфаСнаб-89""",51,37.3,25.3,2026-02,13,23.1,
B,33,34,S1089,"ПАО ""АльфаСнаб-89""",51,37.3,25.3,2026-03,1,100.0,76.9
B,33,34,S1089,"ПАО ""АльфаСнаб-89""",51,37.3,25.3,2026-04,7,28.6,-71.4
B,33,34,S1089,"ПАО ""АльфаСнаб-89""",51,37.3,25.3,2026-05,12,41.7,13.1
B,33,34,S1089,"ПАО ""АльфаСнаб-89""",51,37.3,25.3,2026-06,13,30.8,-10.9
B,33,34,S1089,"ПАО ""АльфаСнаб-89""",51,37.3,25.3,2026-07,5,80.0,49.2
B,34,34,S1099,"АО ""ЭлектроМир-99""",100,36.0,27.3,2026-02,23,47.8,
B,34,34,S1099,"АО ""ЭлектроМир-99""",100,36.0,27.3,2026-03,31,35.5,-12.3
B,34,34,S1099,"АО ""ЭлектроМир-99""",100,36.0,27.3,2026-04,7,28.6,-6.9
B,34,34,S1099,"АО ""ЭлектроМир-99""",100,36.0,27.3,2026-05,19,36.8,8.3
B,34,34,S1099,"АО ""ЭлектроМир-99""",100,36.0,27.3,2026-06,12,33.3,-3.5
B,34,34,S1099,"АО ""ЭлектроМир-99""",100,36.0,27.3,2026-07,8,12.5,-20.8
C,1,39,S1106,"ИП ""ТехКомплект-106""",64,60.9,48.7,2026-02,8,25.0,
C,1,39,S1106,"ИП ""ТехКомплект-106""",64,60.9,48.7,2026-03,10,90.0,65.0
C,1,39,S1106,"ИП ""ТехКомплект-106""",64,60.9,48.7,2026-04,14,64.3,-25.7
C,1,39,S1106,"ИП ""ТехКомплект-106""",64,60.9,48.7,2026-05,14,64.3,0.0
C,1,39,S1106,"ИП ""ТехКомплект-106""",64,60.9,48.7,2026-06,10,70.0,5.7
C,1,39,S1106,"ИП ""ТехКомплект-106""",64,60.9,48.7,2026-07,8,37.5,-32.5
C,2,39,S1052,"ПАО ""УралДеталь-52""",84,56.0,45.3,2026-02,15,46.7,
C,2,39,S1052,"ПАО ""УралДеталь-52""",84,56.0,45.3,2026-03,15,66.7,20.0
C,2,39,S1052,"ПАО ""УралДеталь-52""",84,56.0,45.3,2026-04,16,68.8,2.1
C,2,39,S1052,"ПАО ""УралДеталь-52""",84,56.0,45.3,2026-05,16,50.0,-18.8
C,2,39,S1052,"ПАО ""УралДеталь-52""",84,56.0,45.3,2026-06,13,61.5,11.5
C,2,39,S1052,"ПАО ""УралДеталь-52""",84,56.0,45.3,2026-07,9,33.3,-28.2
C,3,39,S1046,"АО ""ВолгаТех-46""",61,55.7,43.3,2026-02,15,60.0,
C,3,39,S1046,"АО ""ВолгаТех-46""",61,55.7,43.3,2026-03,8,50.0,-10.0
C,3,39,S1046,"АО ""ВолгаТех-46""",61,55.7,43.3,2026-04,14,50.0,0.0
C,3,39,S1046,"АО ""ВолгаТех-46""",61,55.7,43.3,2026-05,9,33.3,-16.7
C,3,39,S1046,"АО ""ВолгаТех-46""",61,55.7,43.3,2026-06,5,100.0,66.7
C,3,39,S1046,"АО ""ВолгаТех-46""",61,55.7,43.3,2026-07,10,60.0,-40.0
C,4,39,S1091,"ИП ""ТехКомплект-91""",79,53.2,42.3,2026-02,7,71.4,
C,4,39,S1091,"ИП ""ТехКомплект-91""",79,53.2,42.3,2026-03,13,30.8,-40.7
C,4,39,S1091,"ИП ""ТехКомплект-91""",79,53.2,42.3,2026-04,16,87.5,56.7
C,4,39,S1091,"ИП ""ТехКомплект-91""",79,53.2,42.3,2026-05,11,27.3,-60.2
C,4,39,S1091,"ИП ""ТехКомплект-91""",79,53.2,42.3,2026-06,11,45.5,18.2
C,4,39,S1091,"ИП ""ТехКомплект-91""",79,53.2,42.3,2026-07,21,52.4,6.9
C,5,39,S1068,"ИП ""УралДеталь-68""",90,52.2,42.0,2026-02,17,47.1,
C,5,39,S1068,"ИП ""УралДеталь-68""",90,52.2,42.0,2026-03,11,45.5,-1.6
C,5,39,S1068,"ИП ""УралДеталь-68""",90,52.2,42.0,2026-04,21,52.4,6.9
C,5,39,S1068,"ИП ""УралДеталь-68""",90,52.2,42.0,2026-05,11,81.8,29.4
C,5,39,S1068,"ИП ""УралДеталь-68""",90,52.2,42.0,2026-06,18,38.9,-42.9
C,5,39,S1068,"ИП ""УралДеталь-68""",90,52.2,42.0,2026-07,12,58.3,19.4
C,6,39,S1083,"ПАО ""ЭлектроМир-83""",65,50.8,38.9,2026-02,6,66.7,
C,6,39,S1083,"ПАО ""ЭлектроМир-83""",65,50.8,38.9,2026-03,13,76.9,10.3
C,6,39,S1083,"ПАО ""ЭлектроМир-83""",65,50.8,38.9,2026-04,10,50.0,-26.9
C,6,39,S1083,"ПАО ""ЭлектроМир-83""",65,50.8,38.9,2026-05,14,42.9,-7.1
C,6,39,S1083,"ПАО ""ЭлектроМир-83""",65,50.8,38.9,2026-06,3,66.7,23.8
C,6,39,S1083,"ПАО ""ЭлектроМир-83""",65,50.8,38.9,2026-07,19,31.6,-35.1
C,7,39,S1049,"АО ""СтанкоСервис-49""",67,50.7,39.1,2026-02,9,66.7,
C,7,39,S1049,"АО ""СтанкоСервис-49""",67,50.7,39.1,2026-03,7,71.4,4.8
C,7,39,S1049,"АО ""СтанкоСервис-49""",67,50.7,39.1,2026-04,12,41.7,-29.8
C,7,39,S1049,"АО ""СтанкоСервис-49""",67,50.7,39.1,2026-05,7,57.1,15.5
C,7,39,S1049,"АО ""СтанкоСервис-49""",67,50.7,39.1,2026-06,13,30.8,-26.4
C,7,39,S1049,"АО ""СтанкоСервис-49""",67,50.7,39.1,2026-07,19,52.6,21.9
C,8,39,S1057,"ПАО ""ЭлектроМир-57""",91,49.5,39.4,2026-02,8,37.5,
C,8,39,S1057,"ПАО ""ЭлектроМир-57""",91,49.5,39.4,2026-03,11,54.5,17.0
C,8,39,S1057,"ПАО ""ЭлектроМир-57""",91,49.5,39.4,2026-04,14,50.0,-4.5
C,8,39,S1057,"ПАО ""ЭлектроМир-57""",91,49.5,39.4,2026-05,30,50.0,0.0
C,8,39,S1057,"ПАО ""ЭлектроМир-57""",91,49.5,39.4,2026-06,19,52.6,2.6
C,8,39,S1057,"ПАО ""ЭлектроМир-57""",91,49.5,39.4,2026-07,9,44.4,-8.2
C,9,39,S1115,"АО ""МеталлТорг-115""",75,49.3,38.3,2026-02,20,40.0,
C,9,39,S1115,"АО ""МеталлТорг-115""",75,49.3,38.3,2026-03,11,54.5,14.5
C,9,39,S1115,"АО ""МеталлТорг-115""",75,49.3,38.3,2026-04,7,42.9,-11.7
C,9,39,S1115,"АО ""МеталлТорг-115""",75,49.3,38.3,2026-05,11,54.5,11.7
C,9,39,S1115,"АО ""МеталлТорг-115""",75,49.3,38.3,2026-06,12,58.3,3.8
C,9,39,S1115,"АО ""МеталлТорг-115""",75,49.3,38.3,2026-07,14,50.0,-8.3
C,10,39,S1113,"ПАО ""СтанкоСервис-113""",78,48.7,37.9,2026-02,10,40.0,
C,10,39,S1113,"ПАО ""СтанкоСервис-113""",78,48.7,37.9,2026-03,11,45.5,5.5
C,10,39,S1113,"ПАО ""СтанкоСервис-113""",78,48.7,37.9,2026-04,12,41.7,-3.8
C,10,39,S1113,"ПАО ""СтанкоСервис-113""",78,48.7,37.9,2026-05,26,61.5,19.9
C,10,39,S1113,"ПАО ""СтанкоСервис-113""",78,48.7,37.9,2026-06,13,38.5,-23.1
C,10,39,S1113,"ПАО ""СтанкоСервис-113""",78,48.7,37.9,2026-07,6,50.0,11.5
C,11,39,S1008,"АО ""ТехКомплект-8 Групп""",130,48.5,40.0,2026-02,15,46.7,
C,11,39,S1008,"АО ""ТехКомплект-8 Групп""",130,48.5,40.0,2026-03,25,60.0,13.3
C,11,39,S1008,"АО ""ТехКомплект-8 Групп""",130,48.5,40.0,2026-04,26,38.5,-21.5
C,11,39,S1008,"АО ""ТехКомплект-8 Групп""",130,48.5,40.0,2026-05,18,61.1,22.6
C,11,39,S1008,"АО ""ТехКомплект-8 Групп""",130,48.5,40.0,2026-06,23,52.2,-8.9
C,11,39,S1008,"АО ""ТехКомплект-8 Групп""",130,48.5,40.0,2026-07,23,34.8,-17.4
C,12,39,S1086,"АО ""ВолгаТех-86""",86,47.7,37.4,2026-02,11,45.5,
C,12,39,S1086,"АО ""ВолгаТех-86""",86,47.7,37.4,2026-03,11,45.5,0.0
C,12,39,S1086,"АО ""ВолгаТех-86""",86,47.7,37.4,2026-04,15,53.3,7.9
C,12,39,S1086,"АО ""ВолгаТех-86""",86,47.7,37.4,2026-05,16,43.8,-9.6
C,12,39,S1086,"АО ""ВолгаТех-86""",86,47.7,37.4,2026-06,15,46.7,2.9
C,12,39,S1086,"АО ""ВолгаТех-86""",86,47.7,37.4,2026-07,18,50.0,3.3
C,13,39,S1025,"ИП ""АльфаСнаб-25""",87,47.1,37.0,2026-02,15,46.7,
C,13,39,S1025,"ИП ""АльфаСнаб-25""",87,47.1,37.0,2026-03,15,26.7,-20.0
C,13,39,S1025,"ИП ""АльфаСнаб-25""",87,47.1,37.0,2026-04,11,63.6,37.0
C,13,39,S1025,"ИП ""АльфаСнаб-25""",87,47.1,37.0,2026-05,24,62.5,-1.1
C,13,39,S1025,"ИП ""АльфаСнаб-25""",87,47.1,37.0,2026-06,13,30.8,-31.7
C,13,39,S1025,"ИП ""АльфаСнаб-25""",87,47.1,37.0,2026-07,9,44.4,13.7
C,14,39,S1018,"АО ""ЭпсилонТех-18""",86,46.5,36.3,2026-02,16,31.3,
C,14,39,S1018,"АО ""ЭпсилонТех-18""",86,46.5,36.3,2026-03,16,37.5,6.3
C,14,39,S1018,"АО ""ЭпсилонТех-18""",86,46.5,36.3,2026-04,10,40.0,2.5
C,14,39,S1018,"АО ""ЭпсилонТех-18""",86,46.5,36.3,2026-05,20,50.0,10.0
C,14,39,S1018,"АО ""ЭпсилонТех-18""",86,46.5,36.3,2026-06,13,69.2,19.2
C,14,39,S1018,"АО ""ЭпсилонТех-18""",86,46.5,36.3,2026-07,11,54.5,-14.7
C,14,39,S1102,"ООО ""СибирьОпт-102""",86,46.5,36.3,2026-02,10,50.0,
C,14,39,S1102,"ООО ""СибирьОпт-102""",86,46.5,36.3,2026-03,13,30.8,-19.2
C,14,39,S1102,"ООО ""СибирьОпт-102""",86,46.5,36.3,2026-04,9,33.3,2.6
C,14,39,S1102,"ООО ""СибирьОпт-102""",86,46.5,36.3,2026-05,8,37.5,4.2
C,14,39,S1102,"ООО ""СибирьОпт-102""",86,46.5,36.3,2026-06,16,56.3,18.8
C,14,39,S1102,"ООО ""СибирьОпт-102""",86,46.5,36.3,2026-07,30,53.3,-2.9
C,16,39,S1062,"АО ""ПромСнаб-62""",69,46.4,35.1,2026-02,8,62.5,
C,16,39,S1062,"АО ""ПромСнаб-62""",69,46.4,35.1,2026-03,9,33.3,-29.2
C,16,39,S1062,"АО ""ПромСнаб-62""",69,46.4,35.1,2026-04,15,46.7,13.3
C,16,39,S1062,"АО ""ПромСнаб-62""",69,46.4,35.1,2026-05,17,41.2,-5.5
C,16,39,S1062,"АО ""ПромСнаб-62""",69,46.4,35.1,2026-06,11,45.5,4.3
C,16,39,S1062,"АО ""ПромСнаб-62""",69,46.4,35.1,2026-07,9,55.6,10.1
C,17,39,S1015,"ООО ""ГидроПром-15 Групп""",208,45.7,39.0,2026-02,28,42.9,
C,17,39,S1015,"ООО ""ГидроПром-15 Групп""",208,45.7,39.0,2026-03,39,46.2,3.3
C,17,39,S1015,"ООО ""ГидроПром-15 Групп""",208,45.7,39.0,2026-04,26,50.0,3.8
C,17,39,S1015,"ООО ""ГидроПром-15 Групп""",208,45.7,39.0,2026-05,28,39.3,-10.7
C,17,39,S1015,"ООО ""ГидроПром-15 Групп""",208,45.7,39.0,2026-06,34,52.9,13.7
C,17,39,S1015,"ООО ""ГидроПром-15 Групп""",208,45.7,39.0,2026-07,53,43.4,-9.5
C,18,39,S1035,"ООО ""АльфаСнаб-35""",78,44.9,34.3,2026-02,4,50.0,
C,18,39,S1035,"ООО ""АльфаСнаб-35""",78,44.9,34.3,2026-03,7,42.9,-7.1
C,18,39,S1035,"ООО ""АльфаСнаб-35""",78,44.9,34.3,2026-04,16,50.0,7.1
C,18,39,S1035,"ООО ""АльфаСнаб-35""",78,44.9,34.3,2026-05,17,58.8,8.8
C,18,39,S1035,"ООО ""АльфаСнаб-35""",78,44.9,34.3,2026-06,18,33.3,-25.5
C,18,39,S1035,"ООО ""АльфаСнаб-35""",78,44.9,34.3,2026-07,16,37.5,4.2
C,19,39,S1080,"ИП ""СибирьОпт-80""",76,44.7,34.1,2026-02,7,28.6,
C,19,39,S1080,"ИП ""СибирьОпт-80""",76,44.7,34.1,2026-03,14,50.0,21.4
C,19,39,S1080,"ИП ""СибирьОпт-80""",76,44.7,34.1,2026-04,23,52.2,2.2
C,19,39,S1080,"ИП ""СибирьОпт-80""",76,44.7,34.1,2026-05,9,44.4,-7.7
C,19,39,S1080,"ИП ""СибирьОпт-80""",76,44.7,34.1,2026-06,11,36.4,-8.1
C,19,39,S1080,"ИП ""СибирьОпт-80""",76,44.7,34.1,2026-07,12,41.7,5.3
C,20,39,S1044,"АО ""ГидроПром-44""",74,44.6,33.8,2026-02,8,50.0,
C,20,39,S1044,"АО ""ГидроПром-44""",74,44.6,33.8,2026-03,16,62.5,12.5
C,20,39,S1044,"АО ""ГидроПром-44""",74,44.6,33.8,2026-04,19,31.6,-30.9
C,20,39,S1044,"АО ""ГидроПром-44""",74,44.6,33.8,2026-05,14,57.1,25.6
C,20,39,S1044,"АО ""ГидроПром-44""",74,44.6,33.8,2026-06,8,25.0,-32.1
C,20,39,S1044,"АО ""ГидроПром-44""",74,44.6,33.8,2026-07,9,33.3,8.3
C,20,39,S1045,"ООО ""ТехКомплект-45""",74,44.6,33.8,2026-02,5,60.0,
C,20,39,S1045,"ООО ""ТехКомплект-45""",74,44.6,33.8,2026-03,15,33.3,-26.7
C,20,39,S1045,"ООО ""ТехКомплект-45""",74,44.6,33.8,2026-04,13,53.8,20.5
C,20,39,S1045,"ООО ""ТехКомплект-45""",74,44.6,33.8,2026-05,11,45.5,-8.4
C,20,39,S1045,"ООО ""ТехКомплект-45""",74,44.6,33.8,2026-06,15,66.7,21.2
C,20,39,S1045,"ООО ""ТехКомплект-45""",74,44.6,33.8,2026-07,15,20.0,-46.7
C,22,39,S1064,"ИП ""ВолгаТех-64""",108,44.4,35.4,2026-02,22,40.9,
C,22,39,S1064,"ИП ""ВолгаТех-64""",108,44.4,35.4,2026-03,10,40.0,-0.9
C,22,39,S1064,"ИП ""ВолгаТех-64""",108,44.4,35.4,2026-04,19,63.2,23.2
C,22,39,S1064,"ИП ""ВолгаТех-64""",108,44.4,35.4,2026-05,24,37.5,-25.7
C,22,39,S1064,"ИП ""ВолгаТех-64""",108,44.4,35.4,2026-06,22,45.5,8.0
C,22,39,S1064,"ИП ""ВолгаТех-64""",108,44.4,35.4,2026-07,11,36.4,-9.1
C,22,39,S1075,"ИП ""ПромСнаб-75""",63,44.4,32.8,2026-02,6,66.7,
C,22,39,S1075,"ИП ""ПромСнаб-75""",63,44.4,32.8,2026-03,0,,
C,22,39,S1075,"ИП ""ПромСнаб-75""",63,44.4,32.8,2026-04,5,20.0,
C,22,39,S1075,"ИП ""ПромСнаб-75""",63,44.4,32.8,2026-05,3,100.0,80.0
C,22,39,S1075,"ИП ""ПромСнаб-75""",63,44.4,32.8,2026-06,16,37.5,-62.5
C,22,39,S1075,"ИП ""ПромСнаб-75""",63,44.4,32.8,2026-07,33,42.4,4.9
C,22,39,S1078,"ООО ""ДельтаЛогистик-78""",54,44.4,32.0,2026-02,6,50.0,
C,22,39,S1078,"ООО ""ДельтаЛогистик-78""",54,44.4,32.0,2026-03,9,44.4,-5.6
C,22,39,S1078,"ООО ""ДельтаЛогистик-78""",54,44.4,32.0,2026-04,4,0.0,-44.4
C,22,39,S1078,"ООО ""ДельтаЛогистик-78""",54,44.4,32.0,2026-05,16,31.3,31.3
C,22,39,S1078,"ООО ""ДельтаЛогистик-78""",54,44.4,32.0,2026-06,6,33.3,2.1
C,22,39,S1078,"ООО ""ДельтаЛогистик-78""",54,44.4,32.0,2026-07,13,76.9,43.6
C,25,39,S1033,"АО ""ГаммаПром-33""",105,43.8,34.7,2026-02,27,44.4,
C,25,39,S1033,"АО ""ГаммаПром-33""",105,43.8,34.7,2026-03,16,56.3,11.8
C,25,39,S1033,"АО ""ГаммаПром-33""",105,43.8,34.7,2026-04,14,42.9,-13.4
C,25,39,S1033,"АО ""ГаммаПром-33""",105,43.8,34.7,2026-05,20,25.0,-17.9
C,25,39,S1033,"АО ""ГаммаПром-33""",105,43.8,34.7,2026-06,13,46.2,21.2
C,25,39,S1033,"АО ""ГаммаПром-33""",105,43.8,34.7,2026-07,15,53.3,7.2
C,26,39,S1098,"ПАО ""СтанкоСервис-98""",90,43.3,33.6,2026-02,22,40.9,
C,26,39,S1098,"ПАО ""СтанкоСервис-98""",90,43.3,33.6,2026-03,18,38.9,-2.0
C,26,39,S1098,"ПАО ""СтанкоСервис-98""",90,43.3,33.6,2026-04,17,35.3,-3.6
C,26,39,S1098,"ПАО ""СтанкоСервис-98""",90,43.3,33.6,2026-05,9,55.6,20.3
C,26,39,S1098,"ПАО ""СтанкоСервис-98""",90,43.3,33.6,2026-06,19,47.4,-8.2
C,26,39,S1098,"ПАО ""СтанкоСервис-98""",90,43.3,33.6,2026-07,5,60.0,12.6
C,27,39,S1094,"ПАО ""ТехКомплект-94""",86,43.0,33.1,2026-02,13,76.9,
C,27,39,S1094,"ПАО ""ТехКомплект-94""",86,43.0,33.1,2026-03,9,44.4,-32.5
C,27,39,S1094,"ПАО ""ТехКомплект-94""",86,43.0,33.1,2026-04,18,22.2,-22.2
C,27,39,S1094,"ПАО ""ТехКомплект-94""",86,43.0,33.1,2026-05,16,43.8,21.5
C,27,39,S1094,"ПАО ""ТехКомплект-94""",86,43.0,33.1,2026-06,15,26.7,-17.1
C,27,39,S1094,"ПАО ""ТехКомплект-94""",86,43.0,33.1,2026-07,15,53.3,26.7
C,28,39,S1082,"ПАО ""ГидроПром-82""",84,42.9,32.8,2026-02,16,37.5,
C,28,39,S1082,"ПАО ""ГидроПром-82""",84,42.9,32.8,2026-03,25,44.0,6.5
C,28,39,S1082,"ПАО ""ГидроПром-82""",84,42.9,32.8,2026-04,14,57.1,13.1
C,28,39,S1082,"ПАО ""ГидроПром-82""",84,42.9,32.8,2026-05,10,50.0,-7.1
C,28,39,S1082,"ПАО ""ГидроПром-82""",84,42.9,32.8,2026-06,9,22.2,-27.8
C,28,39,S1082,"ПАО ""ГидроПром-82""",84,42.9,32.8,2026-07,10,40.0,17.8
C,29,39,S1006,"АО ""УралДеталь-6 Групп""",89,42.7,32.9,2026-02,9,66.7,
C,29,39,S1006,"АО ""УралДеталь-6 Групп""",89,42.7,32.9,2026-03,22,50.0,-16.7
C,29,39,S1006,"АО ""УралДеталь-6 Групп""",89,42.7,32.9,2026-04,15,26.7,-23.3
C,29,39,S1006,"АО ""УралДеталь-6 Групп""",89,42.7,32.9,2026-05,15,46.7,20.0
C,29,39,S1006,"АО ""УралДеталь-6 Групп""",89,42.7,32.9,2026-06,15,13.3,-33.3
C,29,39,S1006,"АО ""УралДеталь-6 Групп""",89,42.7,32.9,2026-07,13,61.5,48.2
C,30,39,S1031,"ПАО ""ЭпсилонТех-31""",54,42.6,30.3,2026-02,8,62.5,
C,30,39,S1031,"ПАО ""ЭпсилонТех-31""",54,42.6,30.3,2026-03,12,50.0,-12.5
C,30,39,S1031,"ПАО ""ЭпсилонТех-31""",54,42.6,30.3,2026-04,11,54.5,4.5
C,30,39,S1031,"ПАО ""ЭпсилонТех-31""",54,42.6,30.3,2026-05,9,22.2,-32.3
C,30,39,S1031,"ПАО ""ЭпсилонТех-31""",54,42.6,30.3,2026-06,8,25.0,2.8
C,30,39,S1031,"ПАО ""ЭпсилонТех-31""",54,42.6,30.3,2026-07,6,33.3,8.3
C,31,39,S1073,"ИП ""АльфаСнаб-73""",120,42.5,34.0,2026-02,26,46.2,
C,31,39,S1073,"ИП ""АльфаСнаб-73""",120,42.5,34.0,2026-03,25,44.0,-2.2
C,31,39,S1073,"ИП ""АльфаСнаб-73""",120,42.5,34.0,2026-04,32,46.9,2.9
C,31,39,S1073,"ИП ""АльфаСнаб-73""",120,42.5,34.0,2026-05,16,43.8,-3.1
C,31,39,S1073,"ИП ""АльфаСнаб-73""",120,42.5,34.0,2026-06,11,27.3,-16.5
C,31,39,S1073,"ИП ""АльфаСнаб-73""",120,42.5,34.0,2026-07,10,30.0,2.7
C,32,39,S1061,"ИП ""ПромСнаб-61""",119,42.0,33.5,2026-02,16,37.5,
C,32,39,S1061,"ИП ""ПромСнаб-61""",119,42.0,33.5,2026-03,19,42.1,4.6
C,32,39,S1061,"ИП ""ПромСнаб-61""",119,42.0,33.5,2026-04,19,47.4,5.3
C,32,39,S1061,"ИП ""ПромСнаб-61""",119,42.0,33.5,2026-05,24,37.5,-9.9
C,32,39,S1061,"ИП ""ПромСнаб-61""",119,42.0,33.5,2026-06,22,36.4,-1.1
C,32,39,S1061,"ИП ""ПромСнаб-61""",119,42.0,33.5,2026-07,19,52.6,16.3
C,33,39,S1043,"ПАО ""ВолгаТех-43""",169,40.8,33.7,2026-02,31,41.9,
C,33,39,S1043,"ПАО ""ВолгаТех-43""",169,40.8,33.7,2026-03,21,33.3,-8.6
C,33,39,S1043,"ПАО ""ВолгаТех-43""",169,40.8,33.7,2026-04,32,37.5,4.2
C,33,39,S1043,"ПАО ""ВолгаТех-43""",169,40.8,33.7,2026-05,27,37.0,-0.5
C,33,39,S1043,"ПАО ""ВолгаТех-43""",169,40.8,33.7,2026-06,37,45.9,8.9
C,33,39,S1043,"ПАО ""ВолгаТех-43""",169,40.8,33.7,2026-07,21,47.6,1.7
C,34,39,S1047,"АО ""ЭлектроМир-47""",43,39.5,26.4,2026-02,8,37.5,
C,34,39,S1047,"АО ""ЭлектроМир-47""",43,39.5,26.4,2026-03,3,0.0,-37.5
C,34,39,S1047,"АО ""ЭлектроМир-47""",43,39.5,26.4,2026-04,8,50.0,50.0
C,34,39,S1047,"АО ""ЭлектроМир-47""",43,39.5,26.4,2026-05,5,20.0,-30.0
C,34,39,S1047,"АО ""ЭлектроМир-47""",43,39.5,26.4,2026-06,8,62.5,42.5
C,34,39,S1047,"АО ""ЭлектроМир-47""",43,39.5,26.4,2026-07,11,36.4,-26.1
C,35,39,S1114,"ИП ""СтанкоСервис-114""",47,38.3,25.8,2026-02,11,27.3,
C,35,39,S1114,"ИП ""СтанкоСервис-114""",47,38.3,25.8,2026-03,13,30.8,3.5
C,35,39,S1114,"ИП ""СтанкоСервис-114""",47,38.3,25.8,2026-04,8,37.5,6.7
C,35,39,S1114,"ИП ""СтанкоСервис-114""",47,38.3,25.8,2026-05,2,100.0,62.5
C,35,39,S1114,"ИП ""СтанкоСервис-114""",47,38.3,25.8,2026-06,4,50.0,-50.0
C,35,39,S1114,"ИП ""СтанкоСервис-114""",47,38.3,25.8,2026-07,9,44.4,-5.6
C,36,39,S1088,"ИП ""Севергруз-88""",61,37.7,26.6,2026-02,12,25.0,
C,36,39,S1088,"ИП ""Севергруз-88""",61,37.7,26.6,2026-03,23,52.2,27.2
C,36,39,S1088,"ИП ""Севергруз-88""",61,37.7,26.6,2026-04,7,42.9,-9.3
C,36,39,S1088,"ИП ""Севергруз-88""",61,37.7,26.6,2026-05,2,50.0,7.1
C,36,39,S1088,"ИП ""Севергруз-88""",61,37.7,26.6,2026-06,7,28.6,-21.4
C,36,39,S1088,"ИП ""Севергруз-88""",61,37.7,26.6,2026-07,10,20.0,-8.6
C,37,39,S1056,"ПАО ""ВолгаТех-56""",75,37.3,27.3,2026-02,13,23.1,
C,37,39,S1056,"ПАО ""ВолгаТех-56""",75,37.3,27.3,2026-03,15,46.7,23.6
C,37,39,S1056,"ПАО ""ВолгаТех-56""",75,37.3,27.3,2026-04,20,45.0,-1.7
C,37,39,S1056,"ПАО ""ВолгаТех-56""",75,37.3,27.3,2026-05,17,29.4,-15.6
C,37,39,S1056,"ПАО ""ВолгаТех-56""",75,37.3,27.3,2026-06,8,25.0,-4.4
C,37,39,S1056,"ПАО ""ВолгаТех-56""",75,37.3,27.3,2026-07,2,100.0,75.0
C,38,39,S1019,"ИП ""АльфаСнаб-19""",88,36.4,27.1,2026-02,4,25.0,
C,38,39,S1019,"ИП ""АльфаСнаб-19""",88,36.4,27.1,2026-03,15,60.0,35.0
C,38,39,S1019,"ИП ""АльфаСнаб-19""",88,36.4,27.1,2026-04,13,46.2,-13.8
C,38,39,S1019,"ИП ""АльфаСнаб-19""",88,36.4,27.1,2026-05,20,20.0,-26.2
C,38,39,S1019,"ИП ""АльфаСнаб-19""",88,36.4,27.1,2026-06,19,31.6,11.6
C,38,39,S1019,"ИП ""АльфаСнаб-19""",88,36.4,27.1,2026-07,17,35.3,3.7
C,39,39,S1041,"ИП ""СибирьОпт-41""",48,33.3,21.7,2026-02,14,35.7,
C,39,39,S1041,"ИП ""СибирьОпт-41""",48,33.3,21.7,2026-03,1,0.0,-35.7
C,39,39,S1041,"ИП ""СибирьОпт-41""",48,33.3,21.7,2026-04,12,50.0,50.0
C,39,39,S1041,"ИП ""СибирьОпт-41""",48,33.3,21.7,2026-05,13,23.1,-26.9
C,39,39,S1041,"ИП ""СибирьОпт-41""",48,33.3,21.7,2026-06,6,16.7,-6.4
C,39,39,S1041,"ИП ""СибирьОпт-41""",48,33.3,21.7,2026-07,2,50.0,33.3
