item_id,item_name,category,supplier_id,supplier_name,purchase_uom,base_uom,our_price_rub_per_base,median_others_rub_per_base,our_lines,other_suppliers,deviation_pct,purchase_amount_rub,money_effect_rub
IT10593,Позиция IT10593 (РТИ),РТИ,S1094,"ПАО ""ТехКомплект-94""",TON,KG,1.63,33.29,1,2,-95.1,297583,-5762793
IT10683,Позиция IT10683 (Смазочные материалы),Смазочные материалы,S1051,"ИП ""ЭпсилонТех-51""",TON,KG,3.37,31.96,1,2,-89.5,644626,-5468713
IT10402,Позиция IT10402 (нет в справочнике),(нет в справочнике),S1059,"ООО ""Севергруз-59""",KG,KG,31482.64,4182.88,1,2,652.7,6158949,5340651
IT10371,Позиция IT10371 (Смазочные материалы),Смазочные материалы,S1043,"ПАО ""ВолгаТех-43""",PACK24,PCS,229.16,1582.12,1,2,-85.5,899769,-5312252
IT10441,Позиция IT10441 (Насосы),Насосы,S1041,"ИП ""СибирьОпт-41""",PCS,PCS,34019.56,8414.78,1,2,304.3,6791325,5111481
IT10266,Позиция IT10266 (Фильтры),Фильтры,S1019,"ИП ""АльфаСнаб-19""",M,M,27498.41,2880.43,1,2,854.7,5403713,4837679
IT10722,Позиция IT10722 (Насосы),Насосы,S1004,"ПАО ""ГаммаПром-4 Групп""",KG,KG,39510.36,11959.29,1,2,230.4,6730985,4693601
IT10275,Позиция IT10275 (Фильтры),Фильтры,S1101,"АО ""ЭлектроМир-101""",KG,KG,34602.28,8607.97,1,2,302.0,6213531,4667798
IT10195,Позиция IT10195 (Фильтры),Фильтры,S1022,"ООО ""АльфаСнаб-22""",ROLL50,M,79.55,681.35,1,2,-88.3,596172,-4509841
IT10433,Позиция IT10433 (Кабель),Кабель,S1107,"ПАО ""БетаТрейд-107""",PACK24,PCS,49.85,1263.49,1,2,-96.1,184477,-4491456
IT10792,Позиция IT10792 (Насосы),Насосы,S1065,"АО ""ГидроПром-65""",PACK12,PCS,2709.08,481.47,1,2,462.7,5363655,4410407
IT10545,Позиция IT10545 (Смазочные материалы),Смазочные материалы,S1048,"ООО ""ДельтаЛогистик-48""",M,M,1068.14,24733.07,1,3,-95.7,195512,-4331629
IT10327,Позиция IT10327 (нет в справочнике),(нет в справочнике),S1075,"ИП ""ПромСнаб-75""",KG,KG,559.93,27255.95,1,3,-97.9,90384,-4309272
IT10267,Позиция IT10267 (Крепёж),Крепёж,S1003,"АО ""МеталлТорг-3 Групп""",KG,KG,5811.48,27930.19,1,2,-79.2,1115514,-4245687
IT10655,Позиция IT10655 (Инструмент),Инструмент,S1105,"АО ""АльфаСнаб-105""",KG,KG,6781.13,36067.35,1,2,-81.2,982857,-4244744
