step,mln_rub,pct_vs_clean_ordered
"1. Сырая выгрузка (дубли, версии, отмены)",41856.2,10.5
2. − полные дубли строк,40605.9,7.2
3. − старые версии строк,40071.1,5.8
4. − отменённые строки = ЗАКАЗАНО (база),37883.9,0.0
"4a. заказано, inner join на справочник номенклатуры",36010.8,-4.9
"4b. заказано, inner join на курсы без выходных",37505.8,-1.0
"4c. заказано, если цены «CNY» на самом деле в USD",39503.3,4.3
"5. ПРИНЯТО, кроме полностью отбракованного, по дате приёмки (вкл. отменённые строки)",34646.6,-8.5
"5a. то же, только активные строки",34279.2,-9.5
5b. ПРИНЯТО только accepted (частичный брак не засчитан),32172.5,-15.1
